airline,date_of_journey,source,destination,dep_time,arrival_time,duration,total_stops,additional_info,price
Indigo,2019-05-15,Delhi,Cochin,04:55:00,21:00:00,965,1.0,No Info,6979
Jet Airways,2019-03-27,Delhi,Cochin,09:00:00,18:50:00,590,1.0,In-flight meal not included,5963
Indigo,2019-06-12,Delhi,Cochin,16:00:00,01:30:00,570,1.0,No Info,6316
Indigo,2019-04-12,Banglore,Delhi,13:00:00,15:50:00,170,0.0,No Info,4823
Indigo,2019-05-18,Kolkata,Banglore,18:05:00,23:30:00,325,1.0,No Info,6704
Indigo,2019-03-03,Banglore,New Delhi,01:30:00,04:15:00,165,0.0,No Info,6144
Multiple Carriers,2019-06-12,Delhi,Cochin,17:50:00,01:30:00,460,2.0,No Info,18275
Jet Airways,2019-05-15,Kolkata,Banglore,20:25:00,14:25:00,1080,1.0,No Info,11467
Jet Airways,2019-05-09,Kolkata,Banglore,16:30:00,09:20:00,1010,1.0,In-flight meal not included,9663
Jet Airways,2019-05-27,Delhi,Cochin,09:00:00,04:25:00,1165,1.0,In-flight meal not included,12898
Indigo,2019-06-09,Banglore,Delhi,10:10:00,13:00:00,170,0.0,No Info,4423
Indigo,2019-03-21,Kolkata,Banglore,15:10:00,17:45:00,155,0.0,No Info,4148
Jet Airways,2019-05-27,Delhi,Cochin,08:00:00,19:00:00,660,1.0,No Info,16289
Vistara,2019-06-15,Delhi,Cochin,14:40:00,17:50:00,190,0.0,No Info,6216
Jet Airways,2019-06-03,Delhi,Cochin,16:00:00,12:35:00,1235,1.0,In-flight meal not included,10262
Indigo,2019-04-01,Mumbai,Hyderabad,02:35:00,04:05:00,90,0.0,No Info,2754
Multiple Carriers,2019-05-27,Delhi,Cochin,19:00:00,01:30:00,390,1.0,No Info,7198
Air India,2019-04-12,Banglore,Delhi,06:10:00,08:55:00,165,0.0,No Info,5911
Spicejet,2019-06-21,Banglore,Delhi,09:30:00,12:20:00,170,0.0,No Info,3625
Multiple Carriers,2019-05-27,Delhi,Cochin,13:00:00,01:30:00,750,1.0,No Info,13377
Multiple Carriers,2019-05-27,Delhi,Cochin,18:00:00,01:30:00,450,1.0,No Info,7198
Jet Airways,2019-05-27,Banglore,Delhi,07:10:00,10:10:00,180,0.0,No Info,7229
Indigo,2019-04-03,Banglore,Delhi,01:30:00,04:15:00,165,0.0,No Info,3419
Air Asia,2019-06-21,Banglore,Delhi,04:55:00,07:45:00,170,0.0,No Info,4282
Air India,2019-06-27,Delhi,Cochin,05:15:00,06:50:00,1535,1.0,No Info,6587
Air India,2019-05-15,Mumbai,Hyderabad,19:30:00,20:45:00,75,0.0,No Info,3100
Goair,2019-06-12,Delhi,Cochin,10:35:00,19:35:00,540,1.0,No Info,4959
Indigo,2019-06-03,Banglore,Delhi,00:25:00,03:15:00,170,0.0,No Info,3943
Indigo,2019-05-06,Mumbai,Hyderabad,12:00:00,13:30:00,90,0.0,No Info,2754
Goair,2019-04-12,Banglore,Delhi,11:40:00,14:30:00,170,0.0,No Info,4937
Indigo,2019-03-24,Banglore,New Delhi,07:10:00,10:05:00,175,0.0,No Info,6144
Air India,2019-03-15,Banglore,New Delhi,05:50:00,12:05:00,1815,2.0,No Info,7664
Jet Airways,2019-03-21,Mumbai,Hyderabad,19:35:00,21:05:00,90,0.0,In-flight meal not included,2228
Jet Airways,2019-03-18,Banglore,New Delhi,07:00:00,16:10:00,550,1.0,No Info,12284
Multiple Carriers,2019-06-03,Delhi,Cochin,12:50:00,01:30:00,760,1.0,No Info,7530
Indigo,2019-03-03,Chennai,Kolkata,22:05:00,00:25:00,140,0.0,No Info,5277
Multiple Carriers,2019-03-09,Delhi,Cochin,08:00:00,21:00:00,780,1.0,No Info,16023
Multiple Carriers,2019-06-06,Delhi,Cochin,10:00:00,21:00:00,660,1.0,No Info,7933
Jet Airways,2019-04-01,Kolkata,Banglore,16:30:00,04:40:00,730,1.0,In-flight meal not included,7064
Air India,2019-05-09,Kolkata,Banglore,09:25:00,13:45:00,1700,2.0,No Info,12592
Air India,2019-05-01,Kolkata,Banglore,10:00:00,23:15:00,795,1.0,No Info,10203
Multiple Carriers,2019-06-01,Delhi,Cochin,07:05:00,19:15:00,730,1.0,In-flight meal not included,12927
Jet Airways,2019-04-24,Banglore,Delhi,11:10:00,14:05:00,175,0.0,In-flight meal not included,4544
Jet Airways,2019-03-06,Banglore,New Delhi,16:55:00,05:05:00,730,1.0,No Info,16736
Multiple Carriers,2019-03-27,Delhi,Cochin,09:55:00,21:00:00,665,1.0,No Info,12537
Jet Airways,2019-05-21,Kolkata,Banglore,21:10:00,16:20:00,1150,1.0,In-flight meal not included,10844
Jet Airways,2019-05-21,Banglore,Delhi,07:10:00,10:10:00,180,0.0,In-flight meal not included,4030
Vistara,2019-05-18,Kolkata,Banglore,07:10:00,22:40:00,930,1.0,No Info,9187
Jet Airways,2019-03-06,Banglore,New Delhi,14:05:00,21:20:00,435,1.0,No Info,19225
Jet Airways,2019-05-01,Kolkata,Banglore,14:05:00,22:35:00,510,1.0,In-flight meal not included,10844
Indigo,2019-03-12,Chennai,Kolkata,13:20:00,15:35:00,135,0.0,No Info,6297
Jet Airways,2019-06-12,Delhi,Cochin,14:35:00,04:25:00,830,2.0,No Info,13376
Jet Airways,2019-06-12,Delhi,Cochin,15:00:00,12:35:00,1295,1.0,In-flight meal not included,10262
Vistara,2019-06-06,Kolkata,Banglore,20:20:00,23:25:00,1625,1.0,No Info,9345
Vistara,2019-05-15,Kolkata,Banglore,07:10:00,10:45:00,1655,1.0,No Info,8452
Air India,2019-03-15,Banglore,New Delhi,11:50:00,13:00:00,1510,1.0,No Info,8032
Air India,2019-03-06,Banglore,New Delhi,11:50:00,08:55:00,1265,1.0,No Info,14594
Jet Airways,2019-04-01,Kolkata,Banglore,09:35:00,18:00:00,505,1.0,In-flight meal not included,9314
Jet Airways,2019-05-18,Delhi,Cochin,09:40:00,12:35:00,1615,2.0,No Info,15129
Air India,2019-05-09,Delhi,Cochin,07:05:00,07:40:00,1475,2.0,No Info,13547
Jet Airways,2019-06-01,Delhi,Cochin,19:30:00,12:35:00,1025,2.0,In-flight meal not included,10368
Spicejet,2019-04-15,Delhi,Cochin,08:45:00,13:15:00,270,1.0,No Info,5830
Multiple Carriers,2019-05-21,Delhi,Cochin,10:20:00,21:00:00,640,1.0,No Info,7485
Jet Airways,2019-04-09,Delhi,Cochin,13:25:00,12:35:00,1390,2.0,No Info,9483
Goair,2019-06-06,Kolkata,Banglore,23:30:00,07:45:00,495,1.0,No Info,6686
Jet Airways,2019-03-18,Mumbai,Hyderabad,19:35:00,21:05:00,90,0.0,In-flight meal not included,2071
Air India,2019-06-09,Kolkata,Banglore,07:00:00,01:20:00,1100,2.0,No Info,13033
Jet Airways,2019-05-21,Kolkata,Banglore,17:00:00,18:00:00,1500,1.0,No Info,14151
Air India,2019-06-12,Delhi,Cochin,17:40:00,08:15:00,875,1.0,No Info,8991
Indigo,2019-03-27,Delhi,Cochin,04:55:00,21:20:00,985,2.0,No Info,6223
Goair,2019-03-24,Kolkata,Banglore,22:25:00,07:40:00,555,1.0,No Info,10091
Jet Airways,2019-06-24,Delhi,Cochin,11:30:00,04:25:00,1015,1.0,In-flight meal not included,10262
Air Asia,2019-05-01,Kolkata,Banglore,22:40:00,10:40:00,720,1.0,No Info,5192
Vistara,2019-03-09,Banglore,New Delhi,16:10:00,18:50:00,160,0.0,No Info,7923
Air India,2019-03-21,Banglore,New Delhi,05:50:00,16:20:00,630,2.0,No Info,7664
Indigo,2019-03-03,Delhi,Cochin,06:40:00,22:20:00,940,1.0,No Info,11600
Multiple Carriers,2019-03-03,Delhi,Cochin,17:00:00,01:35:00,515,1.0,No Info,17073
Jet Airways,2019-05-18,Delhi,Cochin,07:05:00,19:00:00,715,1.0,In-flight meal not included,12373
Jet Airways,2019-05-24,Kolkata,Banglore,10:20:00,17:35:00,435,1.0,No Info,8781
Jet Airways,2019-05-18,Kolkata,Banglore,05:45:00,16:20:00,635,1.0,No Info,14781
Indigo,2019-05-12,Banglore,Delhi,18:25:00,21:20:00,175,0.0,No Info,4823
Air India,2019-04-21,Banglore,Delhi,10:00:00,12:45:00,165,0.0,No Info,5228
Jet Airways,2019-06-27,Mumbai,Hyderabad,02:55:00,04:20:00,85,0.0,No Info,5678
Indigo,2019-06-15,Banglore,Delhi,10:10:00,13:00:00,170,0.0,No Info,3943
Multiple Carriers,2019-05-18,Delhi,Cochin,14:00:00,21:00:00,420,1.0,No Info,13727
Indigo,2019-06-15,Delhi,Cochin,07:35:00,22:30:00,895,1.0,No Info,6442
Vistara,2019-05-01,Chennai,Kolkata,17:45:00,20:05:00,140,0.0,No Info,11982
Jet Airways,2019-06-24,Banglore,Delhi,07:10:00,10:10:00,180,0.0,In-flight meal not included,5769
Multiple Carriers,2019-03-03,Delhi,Cochin,17:50:00,01:35:00,465,2.0,No Info,24528
Multiple Carriers,2019-06-15,Delhi,Cochin,08:45:00,19:00:00,615,1.0,No Info,11789
Jet Airways,2019-03-27,Delhi,Cochin,17:30:00,19:45:00,1575,1.0,In-flight meal not included,5406
Multiple Carriers,2019-06-12,Delhi,Cochin,11:40:00,19:00:00,440,1.0,No Info,11789
Air India,2019-04-06,Kolkata,Banglore,20:45:00,23:20:00,155,0.0,No Info,4460
Jet Airways,2019-03-18,Banglore,New Delhi,22:50:00,05:05:00,375,1.0,No Info,54826
Jet Airways,2019-05-12,Kolkata,Banglore,06:30:00,04:40:00,1330,1.0,In-flight meal not included,8586
Air India,2019-03-01,Mumbai,Hyderabad,19:30:00,20:45:00,75,0.0,No Info,15385
Jet Airways,2019-06-06,Delhi,Cochin,09:40:00,19:00:00,560,2.0,In-flight meal not included,10368
Air India,2019-03-21,Delhi,Cochin,07:00:00,19:15:00,735,1.0,No Info,7934
Indigo,2019-04-24,Kolkata,Banglore,17:15:00,19:50:00,155,0.0,No Info,4804
Jet Airways,2019-05-06,Kolkata,Banglore,14:05:00,09:20:00,1155,1.0,In-flight meal not included,9663
Air Asia,2019-05-09,Delhi,Cochin,07:55:00,13:25:00,330,1.0,No Info,6751
Jet Airways,2019-06-09,Kolkata,Banglore,16:30:00,22:35:00,365,1.0,No Info,14571
Multiple Carriers,2019-03-21,Delhi,Cochin,10:20:00,01:35:00,915,1.0,No Info,7695
Spicejet,2019-03-15,Mumbai,Hyderabad,22:45:00,00:10:00,85,0.0,No check-in baggage included,2647
Air India,2019-03-09,Banglore,New Delhi,11:05:00,09:15:00,1330,1.0,No Info,11077
Indigo,2019-03-09,Banglore,New Delhi,16:55:00,21:50:00,295,1.0,No Info,4259
Jet Airways,2019-03-24,Kolkata,Banglore,18:55:00,16:20:00,1285,1.0,No Info,14231
Air India,2019-03-21,Banglore,New Delhi,06:55:00,23:20:00,985,1.0,No Info,6987
Jet Airways,2019-05-12,Kolkata,Banglore,06:30:00,19:50:00,800,1.0,No Info,13941
Air India,2019-06-12,Kolkata,Banglore,09:10:00,11:05:00,1555,2.0,No Info,6117
Indigo,2019-06-15,Mumbai,Hyderabad,16:55:00,18:25:00,90,0.0,No Info,3175
Indigo,2019-04-27,Banglore,Delhi,16:55:00,19:55:00,180,0.0,No Info,4823
Indigo,2019-05-24,Kolkata,Banglore,15:15:00,20:05:00,290,1.0,No Info,5192
Jet Airways,2019-06-27,Delhi,Cochin,17:30:00,19:00:00,1530,1.0,In-flight meal not included,10262
Jet Airways,2019-05-21,Delhi,Cochin,19:30:00,12:35:00,1025,2.0,In-flight meal not included,13029
Multiple Carriers,2019-05-27,Delhi,Cochin,03:50:00,12:35:00,525,1.0,No Info,10197
Indigo,2019-06-12,Kolkata,Banglore,21:00:00,02:15:00,315,1.0,No Info,5930
Jet Airways,2019-06-12,Kolkata,Banglore,16:30:00,04:40:00,730,1.0,In-flight meal not included,6224
Jet Airways,2019-03-21,Banglore,New Delhi,16:55:00,11:25:00,1110,1.0,In-flight meal not included,7832
Jet Airways,2019-06-24,Delhi,Cochin,19:30:00,12:35:00,1025,2.0,In-flight meal not included,10368
Air India,2019-05-15,Banglore,Delhi,10:00:00,12:45:00,165,0.0,No Info,6961
Air India,2019-06-24,Delhi,Cochin,12:30:00,09:25:00,1255,1.0,No Info,7480
Indigo,2019-03-15,Mumbai,Hyderabad,20:05:00,21:35:00,90,0.0,No Info,2754
Jet Airways,2019-06-18,Mumbai,Hyderabad,10:20:00,11:50:00,90,0.0,No Info,8040
Vistara,2019-05-21,Kolkata,Banglore,17:00:00,10:45:00,1065,1.0,No Info,9187
Spicejet,2019-05-24,Kolkata,Banglore,08:35:00,17:15:00,520,1.0,No Info,6643
Air India,2019-06-06,Delhi,Cochin,13:15:00,09:25:00,1210,2.0,No Info,10939
Jet Airways,2019-05-21,Kolkata,Banglore,06:30:00,18:15:00,705,1.0,No Info,14781
Jet Airways,2019-05-09,Delhi,Cochin,20:55:00,04:25:00,450,1.0,In-flight meal not included,12373
Indigo,2019-06-06,Delhi,Cochin,06:40:00,21:00:00,860,1.0,No Info,6093
Indigo,2019-06-15,Delhi,Cochin,11:25:00,01:30:00,845,1.0,No Info,5883
Jet Airways,2019-05-12,Kolkata,Banglore,20:25:00,21:05:00,1480,1.0,In-flight meal not included,10703
Multiple Carriers,2019-05-27,Delhi,Cochin,10:35:00,19:15:00,520,1.0,No Info,8625
Air Asia,2019-05-01,Banglore,Delhi,04:55:00,07:45:00,170,0.0,No Info,4282
Air India,2019-03-03,Mumbai,Hyderabad,06:20:00,07:40:00,80,0.0,No Info,4937
Indigo,2019-05-01,Mumbai,Hyderabad,19:05:00,20:35:00,90,0.0,No Info,2754
Air Asia,2019-05-27,Banglore,Delhi,04:55:00,07:45:00,170,0.0,No Info,3383
Jet Airways,2019-05-18,Kolkata,Banglore,09:35:00,19:10:00,575,1.0,No Info,13067
Vistara,2019-04-21,Banglore,Delhi,11:30:00,14:20:00,170,0.0,No Info,5403
Air India,2019-03-21,Delhi,Cochin,09:45:00,23:00:00,795,1.0,No Info,5704
Air India,2019-05-15,Kolkata,Banglore,16:45:00,12:30:00,1185,2.0,No Info,14960
Goair,2019-05-27,Banglore,Delhi,07:45:00,10:40:00,175,0.0,No Info,3419
Air India,2019-03-03,Banglore,New Delhi,12:00:00,10:35:00,1355,3.0,No Info,12358
Air India,2019-03-15,Banglore,New Delhi,09:30:00,16:20:00,410,1.0,No Info,8714
Jet Airways,2019-03-01,Mumbai,Hyderabad,10:20:00,11:50:00,90,0.0,No Info,10875
Jet Airways,2019-03-06,Mumbai,Hyderabad,19:50:00,16:50:00,1260,2.0,No Info,24210
Multiple Carriers,2019-06-03,Delhi,Cochin,08:00:00,21:00:00,780,1.0,No Info,13797
Jet Airways,2019-06-01,Delhi,Cochin,09:35:00,12:35:00,1620,2.0,No Info,13292
Spicejet,2019-04-27,Delhi,Cochin,17:55:00,22:50:00,295,1.0,No Info,4957
Vistara,2019-04-06,Banglore,Delhi,19:30:00,22:15:00,165,0.0,No Info,5613
Jet Airways,2019-06-24,Delhi,Cochin,22:50:00,04:25:00,335,1.0,No Info,14714
Air India,2019-05-09,Mumbai,Hyderabad,13:55:00,15:25:00,90,0.0,No Info,3100
Jet Airways,2019-04-01,Kolkata,Banglore,20:00:00,12:00:00,960,1.0,No Info,12681
Jet Airways,2019-03-09,Delhi,Cochin,21:50:00,04:25:00,395,1.0,No Info,15029
Indigo,2019-05-09,Delhi,Cochin,05:05:00,12:10:00,425,1.0,No Info,6818
Indigo,2019-05-01,Banglore,Delhi,01:30:00,04:15:00,165,0.0,No Info,4077
Air India,2019-03-01,Kolkata,Banglore,14:15:00,16:45:00,150,0.0,No Info,6535
Air India,2019-04-03,Delhi,Cochin,12:30:00,09:25:00,1255,1.0,No Info,5117
Indigo,2019-03-03,Delhi,Cochin,09:10:00,21:00:00,710,1.0,No Info,14871
Air Asia,2019-03-27,Delhi,Cochin,16:45:00,07:10:00,865,1.0,No Info,6151
Jet Airways,2019-03-27,Delhi,Cochin,19:15:00,04:25:00,550,1.0,No Info,12242
Air India,2019-05-15,Kolkata,Banglore,12:00:00,07:55:00,1195,2.0,No Info,9941
Indigo,2019-04-18,Kolkata,Banglore,04:40:00,07:15:00,155,0.0,No Info,4174
Multiple Carriers,2019-06-03,Delhi,Cochin,10:00:00,19:00:00,540,1.0,No Info,14502
Jet Airways,2019-05-21,Kolkata,Banglore,18:55:00,19:50:00,1495,1.0,In-flight meal not included,10844
Jet Airways,2019-03-24,Kolkata,Banglore,18:55:00,12:00:00,1025,1.0,No Info,14231
Indigo,2019-06-06,Delhi,Cochin,05:05:00,16:10:00,665,1.0,No Info,6818
Multiple Carriers,2019-05-27,Delhi,Cochin,10:00:00,19:15:00,555,1.0,In-flight meal not included,11446
Air India,2019-06-27,Delhi,Cochin,09:45:00,23:00:00,795,1.0,No Info,8907
Indigo,2019-06-01,Banglore,Delhi,06:05:00,08:50:00,165,0.0,No Info,3943
Air India,2019-03-03,Delhi,Cochin,09:45:00,09:25:00,1420,2.0,No Info,12760
Vistara,2019-04-09,Banglore,Delhi,09:45:00,12:35:00,170,0.0,No Info,5403
Jet Airways,2019-05-18,Kolkata,Banglore,21:10:00,04:40:00,450,1.0,In-flight meal not included,8586
Jet Airways,2019-06-09,Delhi,Cochin,21:50:00,04:25:00,395,1.0,In-flight meal not included,10262
Jet Airways,2019-05-18,Kolkata,Banglore,20:00:00,23:35:00,1655,1.0,In-flight meal not included,10844
Multiple Carriers,2019-05-09,Delhi,Cochin,08:45:00,19:00:00,615,1.0,No Info,9794
Jet Airways,2019-04-06,Banglore,Delhi,07:10:00,10:10:00,180,0.0,No Info,7229
Indigo,2019-05-21,Delhi,Cochin,09:15:00,01:30:00,975,1.0,No Info,7318
Jet Airways,2019-06-12,Banglore,Delhi,18:55:00,22:00:00,185,0.0,No Info,8016
Air India,2019-05-15,Delhi,Cochin,17:15:00,19:15:00,1560,2.0,No Info,13022
Air Asia,2019-03-09,Banglore,New Delhi,23:25:00,02:10:00,165,0.0,No Info,4482
Jet Airways,2019-05-21,Banglore,Delhi,15:50:00,18:45:00,175,0.0,No Info,7229
Air India,2019-05-18,Delhi,Cochin,08:00:00,19:15:00,675,1.0,No Info,8879
Air Asia,2019-06-15,Delhi,Cochin,07:55:00,22:25:00,870,1.0,No Info,6253
Air India,2019-05-18,Delhi,Cochin,10:00:00,07:40:00,1300,1.0,No Info,8372
Jet Airways,2019-06-27,Delhi,Cochin,13:00:00,19:00:00,360,1.0,In-flight meal not included,10262
Jet Airways,2019-03-01,Banglore,New Delhi,08:00:00,16:10:00,490,1.0,No Info,22270
Indigo,2019-06-03,Kolkata,Banglore,15:15:00,17:45:00,150,0.0,No Info,4804
Air India,2019-05-09,Delhi,Cochin,17:15:00,07:40:00,865,2.0,No Info,13039
Indigo,2019-06-09,Banglore,Delhi,16:55:00,19:45:00,170,0.0,No Info,4823
Air India,2019-04-03,Mumbai,Hyderabad,13:55:00,15:25:00,90,0.0,No Info,2575
Jet Airways,2019-03-12,Banglore,New Delhi,07:00:00,21:20:00,860,1.0,No Info,13817
Jet Airways,2019-03-18,Banglore,New Delhi,16:55:00,08:15:00,920,1.0,No Info,13555
Indigo,2019-05-18,Kolkata,Banglore,19:20:00,23:45:00,265,1.0,No Info,3717
Air India,2019-06-15,Delhi,Cochin,09:00:00,19:15:00,615,1.0,No Info,10454
Air India,2019-03-24,Kolkata,Banglore,19:00:00,11:05:00,965,1.0,No Info,5567
Air India,2019-06-06,Kolkata,Banglore,19:00:00,11:05:00,965,1.0,No Info,6117
Jet Airways,2019-03-03,Banglore,New Delhi,11:40:00,00:45:00,785,1.0,In-flight meal not included,13502
Air India,2019-03-27,Delhi,Cochin,13:30:00,08:15:00,1125,1.0,No Info,6681
Air India,2019-03-01,Banglore,New Delhi,05:50:00,08:50:00,1620,3.0,No Info,13081
Spicejet,2019-05-24,Mumbai,Hyderabad,05:45:00,07:15:00,90,0.0,No Info,2017
Goair,2019-05-09,Delhi,Cochin,14:25:00,19:35:00,310,1.0,No Info,10188
Indigo,2019-03-27,Delhi,Cochin,09:10:00,15:30:00,380,1.0,No Info,10141
Jet Airways,2019-05-12,Kolkata,Banglore,09:35:00,21:05:00,690,1.0,No Info,14151
Air India,2019-06-09,Kolkata,Banglore,16:45:00,21:05:00,1700,1.0,No Info,7662
Multiple Carriers,2019-03-27,Delhi,Cochin,06:00:00,21:00:00,900,1.0,No Info,8055
Indigo,2019-03-24,Banglore,New Delhi,01:30:00,04:15:00,165,0.0,No Info,4238
Multiple Carriers,2019-06-15,Delhi,Cochin,11:25:00,19:15:00,470,1.0,No Info,8614
Jet Airways,2019-03-12,Banglore,New Delhi,22:55:00,11:25:00,750,1.0,No Info,13817
Indigo,2019-03-24,Banglore,New Delhi,18:25:00,21:20:00,175,0.0,No Info,7303
Jet Airways,2019-05-24,Kolkata,Banglore,14:05:00,04:40:00,875,1.0,No Info,13731
Spicejet,2019-05-01,Chennai,Kolkata,09:45:00,12:00:00,135,0.0,No check-in baggage included,3543
Jet Airways,2019-06-15,Mumbai,Hyderabad,10:20:00,11:50:00,90,0.0,In-flight meal not included,4050
Multiple Carriers,2019-03-06,Delhi,Cochin,09:45:00,22:20:00,755,1.0,No Info,10276
Indigo,2019-03-15,Mumbai,Hyderabad,12:00:00,13:25:00,85,0.0,No Info,3175
Indigo,2019-06-03,Kolkata,Banglore,14:25:00,16:55:00,150,0.0,No Info,5644
Spicejet,2019-05-21,Kolkata,Banglore,15:05:00,20:20:00,315,1.0,No Info,4649
Multiple Carriers,2019-05-27,Delhi,Cochin,11:40:00,19:15:00,455,1.0,No Info,9316
Indigo,2019-06-15,Delhi,Cochin,02:00:00,07:25:00,325,1.0,No Info,5636
Jet Airways,2019-06-03,Delhi,Cochin,16:00:00,04:25:00,745,1.0,No Info,14714
Indigo,2019-06-21,Kolkata,Banglore,11:30:00,14:05:00,155,0.0,No Info,4804
Spicejet,2019-05-12,Banglore,Delhi,05:55:00,08:35:00,160,0.0,No Info,3311
Jet Airways,2019-03-01,Banglore,New Delhi,22:50:00,10:25:00,695,1.0,1 Long layover,31825
Indigo,2019-05-27,Delhi,Cochin,07:35:00,12:10:00,275,1.0,No Info,5054
Air Asia,2019-04-27,Banglore,Delhi,11:10:00,13:55:00,165,0.0,No Info,4483
Spicejet,2019-05-06,Mumbai,Hyderabad,05:45:00,07:15:00,90,0.0,No check-in baggage included,1965
Goair,2019-06-06,Banglore,Delhi,20:55:00,23:40:00,165,0.0,No Info,3419
Jet Airways,2019-03-09,Delhi,Cochin,19:45:00,04:25:00,520,1.0,In-flight meal not included,11848
Multiple Carriers,2019-05-09,Delhi,Cochin,11:30:00,19:15:00,465,1.0,No Info,14323
Jet Airways,2019-05-09,Kolkata,Banglore,20:25:00,18:00:00,1295,1.0,In-flight meal not included,9314
Vistara,2019-05-21,Kolkata,Banglore,07:10:00,18:50:00,700,1.0,No Info,9345
Jet Airways,2019-03-24,Banglore,New Delhi,11:10:00,14:05:00,175,0.0,No Info,7229
Multiple Carriers,2019-06-15,Delhi,Cochin,04:55:00,12:35:00,460,1.0,No Info,10678
Spicejet,2019-06-06,Mumbai,Hyderabad,05:45:00,07:15:00,90,0.0,No check-in baggage included,2647
Vistara,2019-06-27,Delhi,Cochin,14:40:00,17:50:00,190,0.0,No Info,6216
Indigo,2019-06-09,Delhi,Cochin,21:05:00,00:20:00,195,0.0,No Info,6015
Jet Airways,2019-06-27,Delhi,Cochin,20:55:00,04:25:00,450,1.0,In-flight meal not included,12898
Jet Airways,2019-05-01,Kolkata,Banglore,17:00:00,09:45:00,1005,1.0,No Info,11467
Jet Airways,2019-06-01,Delhi,Cochin,22:50:00,12:35:00,825,1.0,In-flight meal not included,10262
Jet Airways,2019-06-09,Delhi,Cochin,21:25:00,19:00:00,1295,2.0,No Info,13292
Jet Airways,2019-04-27,Banglore,Delhi,11:10:00,14:05:00,175,0.0,No Info,7229
Jet Airways,2019-06-09,Delhi,Cochin,13:00:00,19:00:00,360,1.0,In-flight meal not included,10262
Indigo,2019-06-03,Banglore,Delhi,18:55:00,21:50:00,175,0.0,No Info,4823
Multiple Carriers,2019-06-15,Delhi,Cochin,07:00:00,21:00:00,840,1.0,No Info,7408
Air India,2019-03-01,Mumbai,Hyderabad,15:00:00,16:25:00,85,0.0,No Info,6092
Jet Airways,2019-06-24,Delhi,Cochin,20:55:00,19:00:00,1325,1.0,In-flight meal not included,10262
Indigo,2019-04-27,Banglore,Delhi,10:10:00,13:00:00,170,0.0,No Info,4423
Indigo,2019-03-09,Banglore,New Delhi,21:20:00,00:15:00,175,0.0,No Info,6144
Air India,2019-04-15,Banglore,Delhi,13:20:00,16:10:00,170,0.0,No Info,5228
Air India,2019-06-09,Mumbai,Hyderabad,15:00:00,16:25:00,85,0.0,No Info,3100
Jet Airways,2019-06-27,Delhi,Cochin,14:00:00,19:00:00,300,1.0,No Info,14714
Indigo,2019-04-21,Banglore,Delhi,10:10:00,13:00:00,170,0.0,No Info,4591
Spicejet,2019-06-15,Kolkata,Banglore,14:55:00,17:25:00,150,0.0,No check-in baggage included,3841
Indigo,2019-05-12,Mumbai,Hyderabad,19:05:00,20:35:00,90,0.0,No Info,2754
Multiple Carriers,2019-06-03,Delhi,Cochin,10:00:00,21:00:00,660,1.0,No Info,9718
Indigo,2019-06-24,Banglore,Delhi,23:30:00,02:20:00,170,0.0,No Info,3943
Air India,2019-03-09,Banglore,New Delhi,22:00:00,13:20:00,920,1.0,No Info,8425
Spicejet,2019-05-03,Chennai,Kolkata,17:45:00,20:05:00,140,0.0,No Info,3597
Spicejet,2019-03-15,Kolkata,Banglore,06:55:00,09:35:00,160,0.0,No check-in baggage included,3815
Vistara,2019-05-15,Kolkata,Banglore,20:20:00,20:20:00,1440,1.0,No Info,8610
Air India,2019-05-01,Mumbai,Hyderabad,19:30:00,20:45:00,75,0.0,No Info,3100
Indigo,2019-04-24,Delhi,Cochin,02:00:00,07:45:00,345,1.0,No Info,5241
Vistara,2019-06-12,Banglore,Delhi,11:30:00,14:20:00,170,0.0,No Info,4668
Indigo,2019-04-01,Kolkata,Banglore,09:35:00,12:20:00,165,0.0,No Info,4174
Spicejet,2019-03-24,Banglore,New Delhi,20:30:00,23:20:00,170,0.0,No Info,3925
Jet Airways,2019-06-06,Kolkata,Banglore,20:00:00,09:20:00,800,1.0,In-flight meal not included,10844
Indigo,2019-04-01,Mumbai,Hyderabad,20:05:00,21:40:00,95,0.0,No Info,2227
Jet Airways,2019-05-12,Kolkata,Banglore,21:10:00,18:15:00,1265,1.0,In-flight meal not included,10844
Air India,2019-03-27,Delhi,Cochin,13:05:00,07:40:00,1115,2.0,No Info,8875
Indigo,2019-06-03,Delhi,Cochin,06:50:00,22:30:00,940,1.0,No Info,7514
Jet Airways,2019-04-12,Banglore,Delhi,06:00:00,08:45:00,165,0.0,In-flight meal not included,5198
Jet Airways,2019-05-18,Kolkata,Banglore,18:55:00,08:15:00,800,1.0,In-flight meal not included,7757
Spicejet,2019-06-21,Chennai,Kolkata,08:20:00,10:35:00,135,0.0,No Info,3597
Indigo,2019-04-27,Kolkata,Banglore,14:25:00,16:55:00,150,0.0,No Info,4804
Air Asia,2019-06-06,Kolkata,Banglore,06:50:00,10:30:00,220,1.0,No Info,6857
Jet Airways,2019-03-12,Banglore,New Delhi,22:55:00,12:25:00,810,1.0,In-flight meal not included,11087
Jet Airways,2019-06-12,Kolkata,Banglore,08:25:00,10:05:00,1540,1.0,In-flight meal not included,8529
Multiple Carriers,2019-05-21,Delhi,Cochin,17:30:00,01:30:00,480,1.0,No Info,14067
Spicejet,2019-05-18,Kolkata,Banglore,11:15:00,18:30:00,435,1.0,No Info,10944
Spicejet,2019-03-24,Banglore,New Delhi,05:45:00,08:35:00,170,0.0,No Info,4377
Indigo,2019-06-09,Kolkata,Banglore,14:25:00,16:55:00,150,0.0,No Info,5644
Jet Airways,2019-05-21,Delhi,Cochin,16:00:00,12:35:00,1235,1.0,In-flight meal not included,12898
Jet Airways,2019-05-21,Kolkata,Banglore,14:05:00,20:45:00,400,1.0,In-flight meal not included,10844
Air India,2019-05-15,Kolkata,Banglore,14:15:00,16:45:00,150,0.0,No Info,5510
Indigo,2019-03-15,Chennai,Kolkata,07:55:00,10:15:00,140,0.0,No Info,6297
Multiple Carriers,2019-06-12,Delhi,Cochin,03:50:00,12:35:00,525,1.0,No Info,12192
Jet Airways,2019-03-09,Banglore,New Delhi,08:55:00,21:20:00,745,1.0,In-flight meal not included,11087
Air India,2019-03-03,Delhi,Cochin,04:00:00,07:40:00,1660,1.0,No Info,14462
Indigo,2019-06-09,Mumbai,Hyderabad,19:05:00,20:35:00,90,0.0,No Info,2754
Jet Airways,2019-06-03,Delhi,Cochin,08:00:00,19:00:00,660,1.0,No Info,14924
Spicejet,2019-05-24,Kolkata,Banglore,06:55:00,09:30:00,155,0.0,No check-in baggage included,3841
Jet Airways,2019-05-21,Delhi,Cochin,17:30:00,19:00:00,1530,1.0,In-flight meal not included,12898
Air India,2019-03-09,Delhi,Cochin,20:00:00,19:15:00,1395,2.0,No Info,16111
Air India,2019-06-15,Delhi,Cochin,05:15:00,19:15:00,2280,3.0,No Info,10703
Spicejet,2019-03-15,Kolkata,Banglore,09:00:00,11:30:00,150,0.0,No Info,3847
Spicejet,2019-06-15,Mumbai,Hyderabad,22:45:00,00:15:00,90,0.0,No Info,2017
Jet Airways,2019-06-09,Banglore,Delhi,06:00:00,08:45:00,165,0.0,No Info,8016
Indigo,2019-06-12,Kolkata,Banglore,17:15:00,19:50:00,155,0.0,No Info,4804
Multiple Carriers,2019-06-03,Delhi,Cochin,09:45:00,16:10:00,385,1.0,No Info,9646
Indigo,2019-05-27,Delhi,Cochin,10:35:00,01:30:00,895,1.0,No Info,6104
Multiple Carriers,2019-06-12,Delhi,Cochin,07:30:00,19:00:00,690,1.0,No Info,10877
Jet Airways,2019-06-01,Delhi,Cochin,05:30:00,19:00:00,810,2.0,In-flight meal not included,10368
Jet Airways,2019-05-24,Banglore,Delhi,19:50:00,22:50:00,180,0.0,In-flight meal not included,6144
Jet Airways,2019-05-27,Delhi,Cochin,17:30:00,19:00:00,1530,1.0,In-flight meal not included,12898
Jet Airways,2019-03-18,Banglore,New Delhi,16:55:00,23:00:00,365,1.0,No Info,13555
Spicejet,2019-05-21,Mumbai,Hyderabad,05:45:00,07:15:00,90,0.0,No check-in baggage included,1965
Multiple Carriers,2019-06-03,Delhi,Cochin,12:50:00,21:00:00,490,1.0,No Info,7740
Indigo,2019-04-06,Kolkata,Banglore,17:15:00,19:50:00,155,0.0,No Info,4174
Indigo,2019-06-09,Delhi,Cochin,09:15:00,01:30:00,975,1.0,No Info,6628
Air Asia,2019-06-15,Banglore,Delhi,04:55:00,07:45:00,170,0.0,No Info,4282
Jet Airways,2019-03-12,Banglore,New Delhi,22:55:00,15:15:00,980,1.0,No Info,13817
Jet Airways,2019-06-12,Kolkata,Banglore,18:55:00,23:35:00,1720,1.0,In-flight meal not included,8529
Jet Airways,2019-05-18,Delhi,Cochin,11:30:00,12:35:00,1505,1.0,In-flight meal not included,12373
Indigo,2019-03-03,Delhi,Cochin,09:10:00,01:35:00,985,1.0,No Info,14871
Air India,2019-06-03,Delhi,Cochin,17:40:00,09:35:00,955,1.0,No Info,7258
Jet Airways,2019-06-27,Delhi,Cochin,21:25:00,12:35:00,910,2.0,In-flight meal not included,11507
Indigo,2019-06-03,Delhi,Cochin,16:00:00,01:30:00,570,1.0,No Info,6628
Jet Airways,2019-06-06,Delhi,Cochin,07:05:00,04:25:00,1280,1.0,In-flight meal not included,10262
Air India,2019-05-09,Delhi,Cochin,06:05:00,09:25:00,1640,1.0,No Info,7480
Vistara,2019-06-06,Kolkata,Banglore,20:20:00,22:40:00,1580,1.0,No Info,8662
Jet Airways,2019-03-09,Delhi,Cochin,05:40:00,04:25:00,1365,2.0,No Info,14861
Air India,2019-05-24,Kolkata,Banglore,16:50:00,13:45:00,1255,2.0,No Info,12802
Air India,2019-05-12,Kolkata,Banglore,05:50:00,23:15:00,1045,2.0,No Info,11411
Indigo,2019-06-18,Banglore,Delhi,04:00:00,06:50:00,170,0.0,No Info,3943
Jet Airways,2019-05-24,Kolkata,Banglore,10:20:00,17:35:00,435,1.0,In-flight meal not included,6287
Indigo,2019-06-21,Chennai,Kolkata,19:35:00,21:55:00,140,0.0,No Info,3597
Spicejet,2019-06-06,Banglore,Delhi,05:55:00,08:35:00,160,0.0,No check-in baggage included,3573
Vistara,2019-04-27,Delhi,Cochin,14:40:00,17:50:00,190,0.0,No Info,6216
Indigo,2019-05-12,Banglore,Delhi,07:10:00,10:05:00,175,0.0,No Info,4823
Indigo,2019-05-15,Delhi,Cochin,16:00:00,01:30:00,570,1.0,No Info,7923
Indigo,2019-06-12,Delhi,Cochin,07:30:00,21:00:00,810,1.0,No Info,6093
Air India,2019-03-06,Mumbai,Hyderabad,09:40:00,15:15:00,1775,2.0,No Info,25139
Multiple Carriers,2019-06-03,Delhi,Cochin,06:00:00,12:35:00,395,1.0,No Info,13259
Air India,2019-06-24,Delhi,Cochin,20:40:00,09:25:00,765,1.0,No Info,7480
Air India,2019-03-06,Delhi,Cochin,10:00:00,19:15:00,555,1.0,No Info,16439
Jet Airways,2019-03-21,Delhi,Cochin,05:30:00,18:50:00,2240,2.0,No Info,12341
Jet Airways,2019-03-09,Delhi,Cochin,20:50:00,18:50:00,1320,1.0,In-flight meal not included,14053
Indigo,2019-06-15,Mumbai,Hyderabad,09:10:00,10:40:00,90,0.0,No Info,4049
Air Asia,2019-05-06,Kolkata,Banglore,07:35:00,19:25:00,710,1.0,No Info,5192
Vistara,2019-06-09,Kolkata,Banglore,20:20:00,23:25:00,1625,1.0,No Info,8085
Jet Airways,2019-03-21,Delhi,Cochin,10:45:00,18:50:00,1925,2.0,No Info,11093
Jet Airways,2019-06-09,Delhi,Cochin,09:00:00,12:35:00,1655,1.0,In-flight meal not included,10262
Multiple Carriers,2019-05-15,Delhi,Cochin,09:45:00,16:10:00,385,1.0,No Info,9646
Air India,2019-05-24,Kolkata,Banglore,05:50:00,12:30:00,1840,2.0,No Info,12723
Indigo,2019-06-24,Delhi,Cochin,09:15:00,21:00:00,705,1.0,No Info,6838
Multiple Carriers,2019-05-27,Delhi,Cochin,08:00:00,21:00:00,780,1.0,In-flight meal not included,9450
Jet Airways,2019-03-06,Banglore,New Delhi,19:55:00,22:35:00,160,0.0,No Info,18308
Jet Airways,2019-05-21,Kolkata,Banglore,20:00:00,08:15:00,735,1.0,In-flight meal not included,10844
Jet Airways,2019-03-03,Delhi,Cochin,21:50:00,18:50:00,1260,1.0,No Info,17024
Vistara,2019-03-24,Kolkata,Banglore,17:00:00,22:55:00,355,1.0,No Info,14360
Multiple Carriers,2019-06-15,Delhi,Cochin,09:00:00,21:00:00,720,1.0,No Info,13587
Jet Airways,2019-06-06,Banglore,Delhi,11:10:00,14:05:00,175,0.0,No Info,8016
Jet Airways,2019-06-09,Kolkata,Banglore,20:00:00,04:40:00,520,1.0,In-flight meal not included,9663
Air India,2019-03-12,Banglore,New Delhi,06:50:00,11:20:00,1710,2.0,No Info,12734
Spicejet,2019-03-18,Chennai,Kolkata,08:20:00,10:35:00,135,0.0,No check-in baggage included,3807
Multiple Carriers,2019-03-03,Delhi,Cochin,13:05:00,22:20:00,555,1.0,No Info,14153
Jet Airways,2019-03-06,Delhi,Cochin,07:05:00,04:25:00,1280,1.0,No Info,17234
Multiple Carriers,2019-03-09,Delhi,Cochin,07:05:00,22:20:00,915,1.0,No Info,6916
Air India,2019-04-09,Delhi,Cochin,05:55:00,19:15:00,2240,2.0,No Info,7711
Air India,2019-05-27,Delhi,Cochin,05:15:00,19:15:00,2280,3.0,No Info,10493
Jet Airways,2019-03-01,Banglore,New Delhi,18:40:00,00:45:00,365,1.0,No Info,35185
Jet Airways,2019-06-06,Delhi,Cochin,13:00:00,04:25:00,925,1.0,No Info,14714
Multiple Carriers,2019-06-15,Delhi,Cochin,13:00:00,19:15:00,375,1.0,No Info,16108
Indigo,2019-03-09,Banglore,New Delhi,21:20:00,00:15:00,175,0.0,No Info,4777
Multiple Carriers,2019-06-06,Delhi,Cochin,11:40:00,19:15:00,455,1.0,No Info,8266
Air India,2019-03-27,Mumbai,Hyderabad,06:20:00,07:40:00,80,0.0,No Info,2575
Spicejet,2019-05-21,Chennai,Kolkata,17:45:00,20:05:00,140,0.0,No check-in baggage included,3543
Jet Airways,2019-05-09,Kolkata,Banglore,06:30:00,18:15:00,705,1.0,No Info,14781
Multiple Carriers,2019-03-03,Delhi,Cochin,12:50:00,01:35:00,765,1.0,No Info,18192
Jet Airways,2019-03-21,Delhi,Cochin,17:30:00,04:25:00,655,1.0,No Info,12557
Indigo,2019-03-03,Delhi,Cochin,07:20:00,12:30:00,310,1.0,No Info,12214
Indigo,2019-05-09,Delhi,Cochin,06:50:00,16:10:00,560,1.0,No Info,6442
Vistara,2019-05-09,Kolkata,Banglore,17:00:00,20:20:00,1640,1.0,No Info,9555
Jet Airways,2019-06-06,Kolkata,Banglore,17:00:00,09:45:00,1005,1.0,No Info,12692
Goair,2019-03-24,Banglore,New Delhi,07:45:00,10:40:00,175,0.0,No Info,5048
Jet Airways,2019-05-15,Kolkata,Banglore,21:10:00,04:40:00,450,1.0,In-flight meal not included,9663
Jet Airways,2019-06-01,Mumbai,Hyderabad,07:05:00,08:30:00,85,0.0,No Info,5678
Jet Airways,2019-03-18,Banglore,New Delhi,08:55:00,15:55:00,420,2.0,In-flight meal not included,11245
Spicejet,2019-04-03,Banglore,Delhi,21:10:00,00:05:00,175,0.0,No check-in baggage included,3919
Jet Airways,2019-05-24,Kolkata,Banglore,21:10:00,09:20:00,730,1.0,In-flight meal not included,9663
Air India,2019-03-21,Banglore,New Delhi,11:50:00,08:55:00,1265,1.0,No Info,5092
Jet Airways,2019-06-09,Delhi,Cochin,14:35:00,12:35:00,1320,2.0,No Info,13376
Air India,2019-05-09,Delhi,Cochin,05:00:00,07:40:00,1600,2.0,No Info,11281
Indigo,2019-06-03,Delhi,Cochin,14:25:00,17:40:00,195,0.0,No Info,6015
Vistara,2019-03-09,Banglore,New Delhi,07:00:00,09:40:00,160,0.0,No Info,7398
Air India,2019-03-03,Banglore,New Delhi,19:10:00,10:35:00,925,2.0,No Info,13355
Indigo,2019-03-18,Mumbai,Hyderabad,20:05:00,21:35:00,90,0.0,No Info,2227
Indigo,2019-06-24,Delhi,Cochin,06:50:00,12:10:00,320,1.0,No Info,5298
Jet Airways,2019-03-18,Mumbai,Hyderabad,10:20:00,11:50:00,90,0.0,In-flight meal not included,4160
Multiple Carriers,2019-03-21,Delhi,Cochin,17:00:00,01:35:00,515,1.0,No Info,7363
Air Asia,2019-04-06,Banglore,Delhi,23:55:00,02:45:00,170,0.0,No Info,3383
Multiple Carriers,2019-05-27,Delhi,Cochin,06:40:00,19:00:00,740,1.0,No Info,9315
Jet Airways,2019-05-09,Delhi,Cochin,02:15:00,12:35:00,620,1.0,In-flight meal not included,12373
Indigo,2019-05-15,Delhi,Cochin,05:35:00,08:50:00,195,0.0,No Info,6015
Jet Airways,2019-05-06,Kolkata,Banglore,08:25:00,18:15:00,590,1.0,No Info,14781
Air India,2019-03-09,Banglore,New Delhi,06:50:00,12:15:00,325,1.0,No Info,5118
Jet Airways,2019-05-15,Kolkata,Banglore,09:35:00,10:55:00,1520,1.0,No Info,14151
Vistara,2019-04-24,Banglore,Delhi,17:00:00,19:35:00,155,0.0,No Info,5613
Jet Airways,2019-05-15,Kolkata,Banglore,06:30:00,12:00:00,330,1.0,No Info,14388
Air India,2019-03-12,Mumbai,Hyderabad,21:00:00,19:25:00,1345,1.0,No Info,10943
Jet Airways,2019-05-27,Delhi,Cochin,05:30:00,12:35:00,425,2.0,In-flight meal not included,15544
Indigo,2019-05-15,Delhi,Cochin,06:50:00,16:10:00,560,1.0,No Info,6442
Air India,2019-03-03,Mumbai,Hyderabad,21:05:00,22:25:00,80,0.0,No Info,4937
Jet Airways,2019-06-06,Banglore,Delhi,17:45:00,20:45:00,180,0.0,No Info,8016
Multiple Carriers,2019-06-09,Delhi,Cochin,13:00:00,01:30:00,750,1.0,No Info,7198
Jet Airways,2019-05-01,Kolkata,Banglore,09:35:00,19:10:00,575,1.0,No Info,11467
Air Asia,2019-06-01,Banglore,Delhi,11:10:00,13:55:00,165,0.0,No Info,4483
Jet Airways,2019-05-01,Kolkata,Banglore,08:25:00,09:20:00,1495,1.0,In-flight meal not included,9663
Jet Airways,2019-06-03,Delhi,Cochin,19:30:00,12:35:00,1025,2.0,In-flight meal not included,10368
Air India,2019-05-27,Delhi,Cochin,10:00:00,19:15:00,555,1.0,No Info,12029
Goair,2019-04-09,Banglore,Delhi,07:45:00,10:40:00,175,0.0,No Info,4632
Indigo,2019-03-01,Mumbai,Hyderabad,21:20:00,22:45:00,85,0.0,No Info,12475
Multiple Carriers,2019-05-15,Delhi,Cochin,07:10:00,22:30:00,920,1.0,No Info,6513
Air India,2019-05-24,Kolkata,Banglore,09:50:00,21:05:00,675,1.0,No Info,7662
Jet Airways,2019-05-06,Banglore,Delhi,11:10:00,14:05:00,175,0.0,In-flight meal not included,4030
Spicejet,2019-04-15,Kolkata,Banglore,17:10:00,19:40:00,150,0.0,No Info,4174
Jet Airways,2019-05-24,Kolkata,Banglore,20:00:00,22:35:00,1595,1.0,In-flight meal not included,10844
Jet Airways,2019-03-21,Delhi,Cochin,05:40:00,04:25:00,1365,2.0,No Info,11543
Jet Airways,2019-06-12,Delhi,Cochin,13:00:00,19:00:00,360,1.0,In-flight meal not included,10262
Air Asia,2019-03-21,Kolkata,Banglore,10:20:00,12:55:00,155,0.0,No Info,4082
Jet Airways,2019-05-18,Kolkata,Banglore,14:05:00,16:20:00,1575,1.0,In-flight meal not included,10844
Jet Airways,2019-03-21,Banglore,New Delhi,14:05:00,20:20:00,375,1.0,In-flight meal not included,7832
Indigo,2019-04-15,Banglore,Delhi,10:10:00,13:00:00,170,0.0,No Info,4423
Indigo,2019-04-15,Delhi,Cochin,05:05:00,16:10:00,665,1.0,No Info,6171
Multiple Carriers,2019-03-06,Delhi,Cochin,07:30:00,19:15:00,705,1.0,No Info,15353
Jet Airways,2019-03-01,Banglore,New Delhi,07:00:00,12:25:00,325,1.0,No Info,26890
Jet Airways,2019-06-27,Delhi,Cochin,13:25:00,12:35:00,1390,2.0,In-flight meal not included,11150
Air India,2019-05-24,Delhi,Cochin,14:10:00,17:10:00,180,0.0,No Info,6934
Jet Airways,2019-06-01,Delhi,Cochin,14:00:00,12:35:00,1355,1.0,In-flight meal not included,10262
Indigo,2019-03-06,Chennai,Kolkata,19:35:00,21:55:00,140,0.0,No Info,7295
Air Asia,2019-06-03,Delhi,Cochin,16:45:00,06:35:00,830,1.0,No Info,11410
Jet Airways,2019-05-06,Kolkata,Banglore,09:35:00,09:45:00,1450,1.0,No Info,10953
Air India,2019-06-24,Delhi,Cochin,20:15:00,19:15:00,1380,2.0,No Info,13381
Jet Airways,2019-06-06,Delhi,Cochin,19:45:00,19:00:00,1395,1.0,No Info,14714
Indigo,2019-06-12,Chennai,Kolkata,07:55:00,10:15:00,140,0.0,No Info,3850
Jet Airways,2019-03-27,Delhi,Cochin,09:00:00,04:25:00,1165,1.0,No Info,12242
Air India,2019-04-03,Mumbai,Hyderabad,21:05:00,22:25:00,80,0.0,No Info,2050
Jet Airways,2019-06-12,Delhi,Cochin,20:55:00,04:25:00,450,1.0,In-flight meal not included,10262
Indigo,2019-06-06,Delhi,Cochin,10:35:00,01:30:00,895,1.0,No Info,5883
Multiple Carriers,2019-06-09,Delhi,Cochin,04:55:00,19:00:00,845,1.0,No Info,10877
Indigo,2019-05-06,Banglore,Delhi,20:00:00,22:50:00,170,0.0,No Info,4823
Jet Airways,2019-06-18,Banglore,Delhi,08:20:00,11:20:00,180,0.0,No Info,8016
Jet Airways,2019-05-06,Kolkata,Banglore,20:25:00,23:35:00,1630,1.0,In-flight meal not included,8066
Indigo,2019-05-24,Kolkata,Banglore,06:20:00,10:20:00,240,1.0,No Info,4226
Jet Airways,2019-03-21,Delhi,Cochin,16:10:00,18:50:00,1600,2.0,In-flight meal not included,8728
Spicejet,2019-03-09,Kolkata,Banglore,17:15:00,19:45:00,150,0.0,No Info,4622
Vistara,2019-06-01,Banglore,Delhi,21:00:00,23:50:00,170,0.0,No Info,4668
Air Asia,2019-03-12,Kolkata,Banglore,22:50:00,01:20:00,150,0.0,No Info,4082
Air India,2019-03-03,Delhi,Cochin,22:00:00,19:15:00,1275,2.0,No Info,22096
Air Asia,2019-06-01,Delhi,Cochin,16:45:00,22:25:00,340,1.0,No Info,11410
Spicejet,2019-03-06,Delhi,Cochin,16:35:00,22:50:00,375,1.0,No Info,7185
Multiple Carriers,2019-04-09,Delhi,Cochin,13:00:00,21:00:00,480,1.0,No Info,12537
Air India,2019-05-18,Kolkata,Banglore,10:00:00,01:20:00,920,2.0,No Info,13243
Indigo,2019-04-21,Banglore,Delhi,21:15:00,00:15:00,180,0.0,No Info,4423
Jet Airways,2019-06-09,Delhi,Cochin,19:30:00,04:25:00,535,2.0,No Info,13014
Indigo,2019-03-03,Banglore,New Delhi,12:10:00,17:05:00,295,1.0,No Info,8738
Jet Airways,2019-03-03,Delhi,Cochin,05:40:00,04:25:00,1365,2.0,No Info,19266
Multiple Carriers,2019-06-27,Delhi,Cochin,17:30:00,01:30:00,480,1.0,No Info,13377
Jet Airways,2019-03-18,Banglore,New Delhi,05:45:00,10:25:00,280,1.0,No Info,12284
Indigo,2019-05-18,Kolkata,Banglore,15:15:00,17:45:00,150,0.0,No Info,4804
Spicejet,2019-06-06,Banglore,Delhi,21:10:00,00:05:00,175,0.0,No check-in baggage included,3257
Goair,2019-04-06,Banglore,Delhi,20:55:00,23:40:00,165,0.0,No Info,3419
Indigo,2019-05-18,Kolkata,Banglore,14:25:00,16:55:00,150,0.0,No Info,5224
Indigo,2019-04-27,Kolkata,Banglore,09:35:00,12:20:00,165,0.0,No Info,4804
Indigo,2019-05-03,Banglore,Delhi,21:15:00,00:15:00,180,0.0,No Info,3943
Air India,2019-03-12,Banglore,New Delhi,11:50:00,08:55:00,1265,1.0,No Info,11707
Spicejet,2019-04-24,Delhi,Cochin,08:45:00,13:15:00,270,1.0,No Info,4812
Vistara,2019-06-12,Kolkata,Banglore,20:20:00,10:45:00,865,1.0,No Info,8452
Air India,2019-05-15,Delhi,Cochin,19:45:00,19:15:00,1410,2.0,No Info,11491
Indigo,2019-06-15,Kolkata,Banglore,21:25:00,00:05:00,160,0.0,No Info,4804
Air India,2019-03-03,Mumbai,Hyderabad,13:55:00,15:25:00,90,0.0,No Info,6092
Air India,2019-06-09,Banglore,Delhi,21:05:00,23:55:00,170,0.0,No Info,5228
Air India,2019-03-18,Mumbai,Hyderabad,06:20:00,07:40:00,80,0.0,No Info,3100
Multiple Carriers,2019-03-21,Delhi,Cochin,13:00:00,21:00:00,480,1.0,No Info,7618
Air Asia,2019-03-01,Kolkata,Banglore,19:35:00,22:05:00,150,0.0,No Info,5964
Air India,2019-05-15,Delhi,Cochin,13:30:00,08:15:00,1125,1.0,No Info,10671
Vistara,2019-03-06,Mumbai,Hyderabad,08:45:00,22:55:00,850,1.0,No Info,12395
Multiple Carriers,2019-04-24,Delhi,Cochin,07:10:00,16:10:00,540,1.0,In-flight meal not included,6093
Indigo,2019-04-06,Banglore,Delhi,06:05:00,08:50:00,165,0.0,No Info,4423
Jet Airways,2019-05-21,Mumbai,Hyderabad,07:05:00,08:30:00,85,0.0,No Info,8040
Indigo,2019-04-03,Banglore,Delhi,08:30:00,11:20:00,170,0.0,No Info,4823
Spicejet,2019-04-27,Kolkata,Banglore,17:10:00,19:40:00,150,0.0,No check-in baggage included,3841
Indigo,2019-03-21,Chennai,Kolkata,19:35:00,21:55:00,140,0.0,No Info,3384
Jet Airways,2019-05-27,Delhi,Cochin,16:00:00,19:00:00,1620,1.0,In-flight meal not included,12898
Jet Airways,2019-06-27,Delhi,Cochin,07:05:00,12:35:00,330,1.0,In-flight meal not included,10262
Jet Airways,2019-06-15,Banglore,Delhi,11:10:00,14:05:00,175,0.0,In-flight meal not included,7229
Vistara,2019-06-09,Banglore,Delhi,21:00:00,23:50:00,170,0.0,No Info,4668
Jet Airways,2019-05-01,Mumbai,Hyderabad,07:05:00,08:30:00,85,0.0,No Info,8040
Jet Airways,2019-06-12,Delhi,Cochin,09:40:00,12:35:00,1615,2.0,No Info,13014
Jet Airways,2019-03-06,Banglore,New Delhi,11:40:00,00:45:00,785,1.0,No Info,14815
Air Asia,2019-06-15,Kolkata,Banglore,19:55:00,22:25:00,150,0.0,No Info,4107
Jet Airways,2019-06-06,Kolkata,Banglore,18:55:00,20:45:00,1550,1.0,No Info,14571
Jet Airways,2019-05-06,Delhi,Cochin,22:50:00,12:35:00,825,1.0,No Info,15554
Indigo,2019-06-15,Mumbai,Hyderabad,12:00:00,13:30:00,90,0.0,No Info,2754
Indigo,2019-06-09,Delhi,Cochin,02:00:00,07:25:00,325,1.0,No Info,5636
Indigo,2019-05-18,Banglore,Delhi,16:55:00,19:55:00,180,0.0,No Info,4823
Jet Airways,2019-06-06,Kolkata,Banglore,08:25:00,19:50:00,685,1.0,No Info,14571
Jet Airways,2019-04-21,Banglore,Delhi,08:20:00,11:20:00,180,0.0,In-flight meal not included,5198
Jet Airways,2019-05-27,Delhi,Cochin,09:40:00,04:25:00,1125,2.0,In-flight meal not included,13029
Jet Airways,2019-06-27,Delhi,Cochin,19:10:00,19:00:00,1430,2.0,No Info,12819
Spicejet,2019-06-27,Chennai,Kolkata,09:45:00,12:00:00,135,0.0,No check-in baggage included,3543
Air India,2019-05-24,Banglore,Delhi,06:10:00,08:55:00,165,0.0,No Info,8273
Jet Airways,2019-05-09,Delhi,Cochin,13:25:00,12:35:00,1390,2.0,No Info,16704
Indigo,2019-03-09,Delhi,Cochin,06:40:00,12:00:00,320,1.0,No Info,5647
Indigo,2019-05-06,Chennai,Kolkata,14:45:00,17:05:00,140,0.0,No Info,3597
Multiple Carriers,2019-05-27,Delhi,Cochin,17:00:00,01:30:00,510,1.0,No Info,7198
Indigo,2019-03-21,Delhi,Cochin,02:05:00,07:25:00,320,1.0,No Info,4862
Air India,2019-06-21,Mumbai,Hyderabad,15:00:00,16:25:00,85,0.0,No Info,3100
Air India,2019-03-12,Banglore,New Delhi,17:25:00,23:25:00,1800,2.0,No Info,12725
Air Asia,2019-04-27,Banglore,Delhi,04:55:00,07:45:00,170,0.0,No Info,4282
Indigo,2019-03-09,Delhi,Cochin,05:05:00,10:05:00,300,1.0,No Info,8147
Jet Airways,2019-03-21,Delhi,Cochin,18:20:00,04:25:00,2045,2.0,No Info,13082
Jet Airways,2019-05-18,Kolkata,Banglore,16:30:00,23:35:00,425,1.0,In-flight meal not included,10844
Vistara,2019-05-24,Kolkata,Banglore,20:20:00,10:45:00,865,1.0,No Info,9187
Air India,2019-05-27,Mumbai,Hyderabad,19:30:00,20:45:00,75,0.0,No Info,3100
Indigo,2019-04-01,Banglore,Delhi,16:55:00,19:55:00,180,0.0,No Info,4823
Air India,2019-06-01,Delhi,Cochin,17:15:00,07:40:00,865,2.0,No Info,14667
Jet Airways,2019-04-01,Delhi,Cochin,18:15:00,19:00:00,1485,1.0,In-flight meal not included,5406
Jet Airways,2019-05-18,Kolkata,Banglore,14:05:00,12:00:00,1315,1.0,No Info,14388
Multiple Carriers,2019-03-27,Delhi,Cochin,15:05:00,01:35:00,630,1.0,No Info,12327
Jet Airways,2019-04-18,Banglore,Delhi,08:20:00,11:20:00,180,0.0,No Info,7229
Indigo,2019-06-01,Delhi,Cochin,17:30:00,01:30:00,480,1.0,No Info,6628
Indigo,2019-05-01,Mumbai,Hyderabad,16:55:00,18:25:00,90,0.0,No Info,3175
Jet Airways,2019-05-01,Kolkata,Banglore,20:00:00,04:40:00,520,1.0,In-flight meal not included,8586
Spicejet,2019-06-15,Kolkata,Banglore,22:20:00,00:40:00,140,0.0,No Info,3873
Air India,2019-04-01,Kolkata,Banglore,16:45:00,23:15:00,1830,3.0,No Info,8607
Jet Airways,2019-03-09,Delhi,Cochin,18:15:00,18:50:00,1475,1.0,No Info,16289
Indigo,2019-05-15,Delhi,Cochin,06:40:00,21:00:00,860,1.0,No Info,7191
Air India,2019-06-01,Delhi,Cochin,14:10:00,17:10:00,180,0.0,No Info,6934
Indigo,2019-04-03,Mumbai,Hyderabad,16:55:00,18:25:00,90,0.0,No Info,3175
Air India,2019-03-24,Kolkata,Banglore,12:00:00,23:15:00,2115,3.0,No Info,14221
Indigo,2019-05-24,Kolkata,Banglore,14:25:00,16:55:00,150,0.0,No Info,5224
Air Asia,2019-03-15,Kolkata,Banglore,10:20:00,12:55:00,155,0.0,No Info,4384
Air India,2019-06-27,Banglore,Delhi,10:00:00,12:45:00,165,0.0,No Info,6961
Vistara,2019-06-12,Banglore,Delhi,19:30:00,22:15:00,165,0.0,No Info,4878
Jet Airways,2019-03-01,Banglore,New Delhi,14:05:00,09:30:00,1165,1.0,No Info,25735
Indigo,2019-06-06,Kolkata,Banglore,15:15:00,20:30:00,315,1.0,No Info,5170
Indigo,2019-04-15,Delhi,Cochin,05:05:00,12:10:00,425,1.0,No Info,6287
Multiple Carriers,2019-03-21,Delhi,Cochin,07:30:00,15:30:00,480,1.0,No Info,11269
Jet Airways,2019-03-18,Banglore,New Delhi,07:00:00,12:25:00,325,1.0,No Info,12284
Air India,2019-06-06,Kolkata,Banglore,16:50:00,11:10:00,1100,1.0,No Info,8366
Jet Airways,2019-03-12,Banglore,New Delhi,05:50:00,12:20:00,390,1.0,No Info,11297
Spicejet,2019-05-03,Chennai,Kolkata,08:20:00,10:35:00,135,0.0,No check-in baggage included,3543
Jet Airways,2019-06-12,Delhi,Cochin,14:35:00,04:25:00,830,2.0,In-flight meal not included,10919
Indigo,2019-03-06,Delhi,Cochin,02:35:00,08:30:00,355,1.0,No Info,13790
Air Asia,2019-03-24,Banglore,New Delhi,23:25:00,02:10:00,165,0.0,No Info,3383
Air India,2019-03-09,Delhi,Cochin,17:20:00,09:25:00,965,1.0,No Info,12415
Multiple Carriers,2019-05-18,Delhi,Cochin,19:00:00,01:30:00,390,1.0,No Info,8283
Air Asia,2019-06-12,Kolkata,Banglore,10:20:00,12:55:00,155,0.0,No Info,3807
Spicejet,2019-06-15,Mumbai,Hyderabad,13:15:00,14:45:00,90,0.0,No check-in baggage included,1965
Multiple Carriers,2019-06-06,Delhi,Cochin,07:30:00,21:00:00,810,1.0,No Info,7740
Air India,2019-05-18,Delhi,Cochin,07:05:00,09:25:00,1580,2.0,No Info,10975
Jet Airways,2019-03-09,Delhi,Cochin,05:40:00,04:25:00,1365,2.0,In-flight meal not included,13764
Jet Airways,2019-03-21,Delhi,Cochin,09:40:00,18:50:00,550,2.0,No Info,11702
Jet Airways,2019-05-01,Kolkata,Banglore,20:25:00,22:05:00,1540,1.0,No Info,14151
Jet Airways,2019-03-21,Delhi,Cochin,22:50:00,04:25:00,335,1.0,No Info,12242
Multiple Carriers,2019-03-06,Delhi,Cochin,07:30:00,21:00:00,810,1.0,No Info,15147
Vistara,2019-05-15,Chennai,Kolkata,17:45:00,20:05:00,140,0.0,No Info,11982
Spicejet,2019-05-15,Delhi,Cochin,08:45:00,13:15:00,270,1.0,No check-in baggage included,4760
Indigo,2019-03-09,Kolkata,Banglore,05:30:00,08:20:00,170,0.0,No Info,4148
Air India,2019-05-01,Kolkata,Banglore,10:00:00,05:25:00,1165,2.0,No Info,13899
Indigo,2019-06-03,Kolkata,Banglore,04:40:00,07:15:00,155,0.0,No Info,5224
Jet Airways,2019-06-24,Delhi,Cochin,17:35:00,19:00:00,1525,2.0,No Info,13922
Jet Airways,2019-04-21,Banglore,Delhi,17:45:00,20:45:00,180,0.0,No Info,7229
Air India,2019-03-12,Kolkata,Banglore,14:15:00,16:45:00,150,0.0,No Info,5747
Spicejet,2019-04-06,Kolkata,Banglore,06:55:00,09:30:00,155,0.0,No check-in baggage included,3841
Jet Airways,2019-05-21,Delhi,Cochin,09:40:00,04:25:00,1125,2.0,No Info,15129
Jet Airways,2019-03-27,Delhi,Cochin,07:05:00,04:25:00,1280,1.0,In-flight meal not included,6645
Indigo,2019-03-24,Banglore,New Delhi,22:20:00,01:10:00,170,0.0,No Info,7303
Spicejet,2019-06-06,Kolkata,Banglore,22:20:00,00:40:00,140,0.0,No Info,3873
Indigo,2019-05-01,Mumbai,Hyderabad,20:05:00,21:40:00,95,0.0,No Info,2227
Jet Airways,2019-06-09,Kolkata,Banglore,16:30:00,23:35:00,425,1.0,No Info,14571
Air India,2019-05-01,Kolkata,Banglore,07:00:00,05:25:00,1345,2.0,No Info,14424
Air Asia,2019-05-09,Kolkata,Banglore,15:10:00,23:30:00,500,2.0,No Info,5192
Air India,2019-05-09,Kolkata,Banglore,09:25:00,05:25:00,1200,2.0,No Info,14687
Air India,2019-05-27,Mumbai,Hyderabad,21:05:00,22:25:00,80,0.0,No Info,3100
Air India,2019-03-21,Delhi,Cochin,12:30:00,09:25:00,1255,1.0,No Info,6482
Indigo,2019-04-18,Kolkata,Banglore,20:20:00,22:55:00,155,0.0,No Info,4174
Spicejet,2019-06-21,Banglore,Delhi,05:55:00,08:35:00,160,0.0,No check-in baggage included,3919
Jet Airways,2019-06-24,Delhi,Cochin,20:55:00,04:25:00,450,1.0,In-flight meal not included,10262
Multiple Carriers,2019-06-15,Delhi,Cochin,08:00:00,19:00:00,660,1.0,No Info,12192
Indigo,2019-06-03,Delhi,Cochin,08:35:00,22:30:00,835,1.0,No Info,6442
Air India,2019-05-09,Kolkata,Banglore,07:00:00,01:20:00,1100,2.0,No Info,13033
Jet Airways,2019-03-01,Banglore,New Delhi,18:40:00,09:00:00,860,1.0,No Info,31825
Indigo,2019-05-03,Banglore,Delhi,00:30:00,03:25:00,175,0.0,No Info,3943
Jet Airways,2019-05-09,Delhi,Cochin,13:00:00,12:35:00,1415,1.0,In-flight meal not included,12373
Indigo,2019-03-06,Delhi,Cochin,16:00:00,01:35:00,575,1.0,No Info,14871
Jet Airways,2019-05-12,Kolkata,Banglore,18:55:00,09:20:00,865,1.0,No Info,14388
Indigo,2019-05-03,Mumbai,Hyderabad,02:35:00,04:05:00,90,0.0,No Info,2754
Jet Airways,2019-06-15,Delhi,Cochin,09:40:00,04:25:00,1125,2.0,In-flight meal not included,10368
Jet Airways,2019-05-15,Kolkata,Banglore,06:30:00,04:40:00,1330,1.0,No Info,13941
Vistara,2019-05-18,Kolkata,Banglore,20:20:00,18:50:00,1350,1.0,No Info,9555
Air India,2019-03-12,Mumbai,Hyderabad,16:50:00,12:25:00,1175,3.0,No Info,14260
Air India,2019-05-27,Delhi,Cochin,09:00:00,19:15:00,615,1.0,No Info,9929
Jet Airways,2019-04-06,Delhi,Cochin,22:50:00,12:35:00,825,1.0,In-flight meal not included,5177
Indigo,2019-05-12,Kolkata,Banglore,21:25:00,00:05:00,160,0.0,No Info,4804
Multiple Carriers,2019-06-09,Delhi,Cochin,11:25:00,19:00:00,455,1.0,No Info,11200
Jet Airways,2019-05-09,Banglore,Delhi,07:10:00,10:10:00,180,0.0,No Info,7229
Vistara,2019-06-01,Banglore,Delhi,19:30:00,22:15:00,165,0.0,No Info,4878
Air India,2019-03-03,Delhi,Cochin,05:00:00,19:15:00,2295,2.0,No Info,10283
Jet Airways,2019-06-12,Kolkata,Banglore,06:30:00,16:20:00,590,1.0,In-flight meal not included,9899
Multiple Carriers,2019-06-01,Delhi,Cochin,08:00:00,21:00:00,780,1.0,No Info,13587
Indigo,2019-06-12,Banglore,Delhi,20:00:00,22:50:00,170,0.0,No Info,4823
Air India,2019-05-24,Mumbai,Hyderabad,15:00:00,16:25:00,85,0.0,No Info,3100
Jet Airways,2019-06-01,Delhi,Cochin,09:40:00,04:25:00,1125,2.0,No Info,13014
Jet Airways,2019-05-06,Delhi,Cochin,05:30:00,04:25:00,1375,2.0,No Info,15129
Vistara,2019-03-09,Banglore,New Delhi,19:40:00,22:20:00,160,0.0,No Info,7450
Vistara,2019-04-01,Kolkata,Banglore,07:10:00,10:45:00,1655,1.0,No Info,8505
Air India,2019-04-09,Delhi,Cochin,17:15:00,07:40:00,865,2.0,No Info,8052
Indigo,2019-06-01,Kolkata,Banglore,09:35:00,12:10:00,155,0.0,No Info,4804
Jet Airways,2019-03-21,Delhi,Cochin,22:00:00,04:25:00,385,1.0,No Info,12242
Multiple Carriers,2019-06-03,Delhi,Cochin,07:00:00,21:00:00,840,1.0,No Info,7618
Jet Airways,2019-03-01,Banglore,New Delhi,07:00:00,18:25:00,685,1.0,No Info,26890
Jet Airways,2019-05-01,Kolkata,Banglore,09:35:00,19:10:00,575,1.0,In-flight meal not included,9314
Multiple Carriers,2019-05-18,Delhi,Cochin,11:30:00,21:00:00,570,1.0,No Info,13727
Multiple Carriers,2019-06-24,Delhi,Cochin,15:15:00,01:30:00,615,1.0,In-flight meal not included,5797
Multiple Carriers,2019-06-06,Delhi,Cochin,14:55:00,22:30:00,455,1.0,No Info,7038
Jet Airways,2019-03-06,Delhi,Cochin,05:25:00,19:45:00,2300,2.0,No Info,16914
Jet Airways,2019-05-12,Kolkata,Banglore,20:00:00,09:20:00,800,1.0,No Info,14388
Jet Airways,2019-03-15,Banglore,New Delhi,08:00:00,16:10:00,490,1.0,In-flight meal not included,9134
Multiple Carriers,2019-05-18,Delhi,Cochin,06:00:00,12:35:00,395,1.0,No Info,9794
Air India,2019-06-12,Delhi,Cochin,13:05:00,09:25:00,1220,2.0,No Info,10975
Indigo,2019-03-18,Chennai,Kolkata,19:35:00,21:55:00,140,0.0,No Info,4332
Indigo,2019-05-27,Banglore,Delhi,07:10:00,10:05:00,175,0.0,No Info,4823
Multiple Carriers,2019-05-18,Delhi,Cochin,17:50:00,01:30:00,460,2.0,No Info,19360
Jet Airways,2019-03-24,Kolkata,Banglore,08:25:00,23:25:00,900,1.0,In-flight meal not included,10031
Multiple Carriers,2019-06-12,Delhi,Cochin,11:35:00,01:30:00,835,3.0,No Info,15419
Jet Airways,2019-05-24,Kolkata,Banglore,14:05:00,23:35:00,570,1.0,No Info,14571
Indigo,2019-03-21,Chennai,Kolkata,13:20:00,15:35:00,135,0.0,No Info,3384
Indigo,2019-05-15,Delhi,Cochin,11:55:00,22:30:00,635,1.0,No Info,6442
Multiple Carriers,2019-06-24,Delhi,Cochin,13:00:00,21:00:00,480,1.0,No Info,7408
Air India,2019-05-21,Mumbai,Hyderabad,19:30:00,20:45:00,75,0.0,No Info,3100
Vistara,2019-06-06,Kolkata,Banglore,17:00:00,10:45:00,1065,1.0,No Info,9187
Multiple Carriers,2019-05-09,Delhi,Cochin,07:05:00,16:10:00,545,1.0,No Info,8018
Jet Airways,2019-04-24,Banglore,Delhi,08:20:00,11:20:00,180,0.0,In-flight meal not included,4544
Air India,2019-05-24,Kolkata,Banglore,07:00:00,20:25:00,805,1.0,No Info,10413
Indigo,2019-06-12,Chennai,Kolkata,11:35:00,14:00:00,145,0.0,No Info,3858
Jet Airways,2019-03-27,Delhi,Cochin,09:00:00,18:50:00,590,1.0,No Info,12032
Jet Airways,2019-03-24,Kolkata,Banglore,13:55:00,04:45:00,890,1.0,In-flight meal not included,10661
Goair,2019-06-24,Delhi,Cochin,07:00:00,12:55:00,355,1.0,No Info,5281
